,Date,Score,reviews
0,2017年5月14日,5,不錯玩，不用一直耗時間在練功
1,2017年5月14日,5,好玩，睡覺也能升級
2,2017年5月14日,5,不錯喔～休閒的好遊戲
3,2017年5月14日,1,強迫安裝...
4,2017年5月14日,4,我的英雄無法升星0.0
5,2017年5月14日,4,不錯的游戲
6,2017年5月14日,5,無盡戰記好玩又可拿鑽。。不用整天拿手機出來也可以輕鬆打怪
7,2017年5月14日,5,玩起來輕鬆沒壓力，滿好玩的
8,2017年5月14日,4,不錯玩的遊戲。懶人也可以試試喔～
9,2017年5月14日,5,好玩的遊戲    輕鬆玩，簡單操作，下線自動打怪生級跟裝備喲！送鑽不手軟，有問題馬上處理，團隊好強，有心經營的手遊，給五星還覺得太少。
10,2017年5月14日,5,好玩 送鑽不手軟 不會無趣
11,2017年5月14日,5,真是不錯遊戲，很肯給鑽石，
12,2017年5月14日,5,非常適合想玩手遊卻又沒空檔的玩家
13,2017年5月14日,4,方便好玩易上手！無壓力升級的口袋遊戲！
14,2017年5月14日,5,遊戲不錯玩，可以休閒又不會影響工作，玩起來輕鬆自在👍👍👍
15,2017年5月14日,5,很適合上班族的遊戲。。讚！
16,2017年5月14日,5,這是一個可以長期玩的遊戲 雖然沒課金不會強很快 但官方寶石送的也不囉唆 值得一推
17,2017年5月14日,5,這款遊戲還不錯，適合沒時間的上班族，有內掛系統
18,2017年5月14日,5,這個遊戲對我這手機白痴來說真的很容易上手，也可以陪我度過每天無聊的時間
19,2017年5月14日,5,好玩又不花時間的好遊戲
20,2017年5月14日,5,好玩
21,2017年5月14日,5,可以打發無聊的時間，又不用整天顧著，但法師請改強一點，要不然也給法師有補血技～
22,2017年5月14日,5,很容易上手的遊戲 。不錯玩
23,2017年5月14日,5,認真不錯玩 給獎勵給的很大方 玩起來很有爽感 但橙武器的掉落率頗低😅
24,2017年5月14日,5,不錯玩~不用一直盯著遊戲。
25,2017年5月14日,5,蠻好玩的一款遊，不用一直盯著螢幕。
26,2017年5月14日,5,不錯玩唷！
27,2017年5月14日,5,不用整天盯著遊戲，離線也可練攻，很適合上班族!!!!
28,2017年5月14日,5,好玩又不會花很多時間，比我以前玩的許多遊戲好多了。
29,2017年5月14日,5,打發時間的好遊戲
30,2017年5月14日,5,很好玩，不需要浪費許多時間。是一款很適合上班族的遊戲
31,2017年5月14日,5,超好玩
32,2017年5月14日,5,很好玩的遊戲
33,2017年5月14日,5,適合沒什麼時間的人玩
34,2017年5月14日,5,不錯
35,2017年5月14日,5,好玩
36,2017年5月14日,5,非常好玩
37,2017年5月14日,4,簡單上手好玩，還不錯玩。
38,2017年5月14日,5,好玩
39,2017年5月14日,5,好玩
40,2017年5月14日,5,優質～大家一起來玩yo
41,2017年5月14日,5,非常好玩
42,2017年5月14日,4,打發時間的好遊戲
43,2017年5月14日,5,打發時間好遊戲
44,2017年5月14日,5,可以掛機打裝備 也不用一直顧它 是上班空閒時間的好遊戲！
45,2017年5月14日,5,很好玩 不用花錢也可以很強
46,2017年5月14日,5,Good
47,2017年5月14日,5,不錯玩
48,2017年5月14日,5,好玩
49,2017年5月14日,5,上班族不錯玩
50,2017年5月14日,5,這遊戲真棒 因為不會佔用太多時間 蠻適合學生和上班族群玩
51,2017年5月14日,5,好玩的遊戲，剛玩就愛不釋手！
52,2017年5月14日,5,86千金重斬 。只是玩劍士推圖好慢蠻累的 。
53,2017年5月14日,5,簡單好玩易上手，不用花很多時間就能體驗玩遊戲的樂趣
54,2017年5月14日,5,好玩的遊戲，24h離線掛機很輕鬆！ 推推唷~
55,2017年5月14日,5,好玩，非常好上手，上班殺時間的好幫手！！ 還沒玩過  送鑽這麼不手軟的！
56,2017年5月14日,5,剛玩一下就超好玩聽說今天會開伺服器所以要重練一下
57,2017年5月14日,5,這個遊戲不錯 關機下線後還會自動掛機打怪  讚
58,2017年5月13日,5,"這一款遊戲真的非常適合工作忙碌的人玩,玩一段時間感覺非常的棒沒有任何不適,請繼續加油&gt;_&lt;"
59,2017年5月13日,5,好玩的遊戲 送鑽大方
60,2017年5月13日,5,好玩又不用常盯著手機，離線還有經驗值裝備金幣可以拿，very good 👍
61,2017年5月13日,5,加油
62,2017年5月13日,5,遊戲相當的好玩，給鑽不手軟，最難得的是有任何問題問小編，小編回復的很快。
63,2017年5月13日,5,很棒，有時間再上線就好了
64,2017年5月13日,5,美麥剩~^_^
65,2017年5月13日,5,簡單上手 又好玩
66,2017年5月13日,5,沒時間常駐的好遊戲
67,2017年5月13日,5,簡單明瞭
68,2017年5月13日,5,不錯的游遊戲 送鑽很大方 好玩
69,2017年5月13日,5,很好玩
70,2017年5月13日,5,好玩
71,2017年5月13日,5,不錯的手遊
72,2017年5月13日,5,( •̥́ ˍ •̀ू )
73,2017年5月13日,5,好玩無負擔。回覆問題快速
74,2017年5月13日,5,好玩
75,2017年5月13日,5,簡單上手好玩
76,2017年5月13日,5,不錯玩的遊戲，可以自己掛機戰鬥，適合上班族，各方面目前玩都覺得很ok
77,2017年5月13日,5,這個遊戲越來越讓我愛，福利多，讓人感動到每天想衝等更多。小編很有心。不錯。一萬個讚。
78,2017年5月13日,5,簡單易上手不用整天顧適合工作忙的人
79,2017年5月13日,5,不用需要太顧一，活動常出讓上班族有抒壓的遊戲
80,2017年5月13日,5,遊戲好玩
81,2017年5月13日,5,滿好玩的遊戲……不用一直盯著手機看！
82,2017年5月13日,5,簡單好玩不浪費時間，可惜弓手太強，明明攻擊力高10萬還是打不過，平衡真的要請你們衡量一下，現在還在玩的我看大約八成都是弓手吧！
83,2017年5月13日,5,這是一款適合上班組玩的好遊戲
84,2017年5月13日,5,好好玩大家快來
85,2017年5月13日,5,這個遊戲不錯玩 掛機也不用一直顧  裝備也蠻好打的
86,2017年5月13日,5,好玩
87,2017年5月13日,5,讚 好玩的遊戲
88,2017年5月13日,4,弓箭手的女神之力直接加魔攻 為什麼劍士的要多扣魔防? 我劍士戰力高7萬打不贏弓箭手 也太平衡
89,2017年5月13日,5,簡單好玩容易上手～～ 還有免費v1可以拿～～
90,2017年5月13日,5,小編在哪裡，我機87
91,2017年5月13日,5,簡單好玩的手遊，線上24小時掛機練等，不怕你沒時間，超推的一款遊戲
92,2017年5月13日,4,這是一款好玩又可以掛機的好遊戲，推薦給大家，謝謝
93,2017年5月13日,5,很不錯遊戲
94,2017年5月13日,5,好玩
95,2017年5月13日,5,很好玩~~我要神器裝
96,2017年5月13日,5,好玩
97,2017年5月13日,5,簡單輕鬆，適合上班族玩
98,2017年5月13日,1,職業不平衡 弓箭手技能太過強勢
99,2017年5月13日,4,好像不錯玩
100,2017年5月13日,4,整體上不錯玩
101,2017年5月13日,5,很好玩  非常好玩
102,2017年5月13日,3,殺時間相當不錯的遊戲，但1.打王的時候，角色提升戰力後，王的血量也跟著增加(例原本8萬變10萬)，2.弓手將王打到一定的血量，治癒術就會失靈，明明會過的，打到有點不爽，不知是刻意調整，還是遊戲bug，若是刻意調整就太黑暗了點&gt;&lt;！
103,2017年5月13日,5,非常好玩而且很輕易就上手的遊戲 連續登入14天還能拿到永久V1
104,2017年5月13日,3,目前覺得還可以  只是還在摸索
105,2017年5月13日,5,簡單又好玩的遊戲，線上24小時掛機，不怕沒時間練等。 大家快點加入吧！
106,2017年5月13日,5,好玩！ 適合上班族，而且自动戰鬥超棒的。
107,2017年5月13日,5,不錯遊戲，可以掛機玩，不用隨時守者，另外小編很用心，回覆速度超快。
108,2017年5月13日,5,還可以，滿打發時間的！，小諞
109,2017年5月13日,5,耐玩不花時間的好遊戲
110,2017年5月13日,4,好棒棒，但更新一直失敗，進不去
111,2017年5月12日,4,血色城堡當攻方公會沒活躍度
112,2017年5月12日,5,不需要整天手動練功又可以自動升級的好遊戲！送鑽超大方！推薦給大家^^
113,2017年5月12日,4,簡單，易上手，不錯的遊戲。
114,2017年5月12日,5,好遊戲，不用費心練功，鑽石狂送不手軟，每天都有免費鑽石
115,2017年5月12日,5,下線也可自動練功 不怕沒電
116,2017年5月12日,5,非常好上手！ 會聽不下來 好玩！
117,2017年5月12日,1,85級雙神器，有強化，追加 ，祝福，卻無法傳承，融合，吞噬。 更無法賣出，熔煉，這是什麼鬼? 留站空間嗎？
118,2017年5月12日,4,整體上不錯玩，但有兩個缺點，1買裝備要用非綁定鑽石 但賣裝備得到卻是綁鑽，這不合乎情理，2遊戲有bug，羅蘭副本 房主戰力未達到入房的戰力 卻能要求多少戰力才能進入 等同1的戰力，卻能開1億戰力才能進入的房，這也不合乎邏輯
119,2017年5月12日,3,發現有玩家59等，卻裝備100等武器，房具，戰力2000000多萬，，有拍照存證了。
120,2017年5月12日,2,買東西一定要真鑽，賣掉的東西確換成綁鑽？
121,2017年5月12日,5,好玩^_^
122,2017年5月12日,5,非常好玩的遊戲
123,2017年5月12日,5,省時又省電的遊戲
124,2017年5月12日,5,耐玩，又不用整天盯著手機看，鑽石超敢送，讚
125,2017年5月12日,4,劍士的天地十字無法裝入神兵空格，但是英雄的劍士就可以裝入，請問是什麼問題
126,2017年5月12日,5,線上客服人員處理帳號問題快又有效率
127,2017年5月12日,5,好玩又不用花錢
128,2017年5月12日,3,有任務！！！趕緊解，解完就可以舒壓囉~~
129,2017年5月12日,5,很好玩，休嫌用
130,2017年5月12日,5,小編速度快，快速處理反應問題
131,2017年5月12日,5,好好玩
132,2017年5月12日,5,簡單好玩
133,2017年5月11日,1,怎都顯示滿線，無法進入遊戲
134,2017年5月11日,1,一天到晚伺服器爆滿。乾脆收掉好了
135,2017年5月11日,5,各位冰友阿～介紹超好玩的手遊給你(妳)們！就是無盡戰紀，好玩到眼不離遊戲喔！緊來一起玩這超棒的手遊
136,2017年5月11日,5,好玩到爆～～～～(๑•̀ㅁ•́๑)✧
137,2017年5月11日,5,可以玩的很輕鬆，不用花太多時間，讓人覺得好玩。
138,2017年5月11日,5,原本都用遊客登入 結果剛進入遊戲畫面 想用fb登入 結果沒綁到帳號 請問要怎麼找回帳號…
139,2017年5月11日,5,非常適合上班族的一款遊戲 不用擔心沒時間玩 實在是輕鬆又好玩
140,2017年5月11日,1,又是一個糞遊
141,2017年5月11日,5,很棒的遊戲，不用花錢花太多時間就可以衝戰力，
142,2017年5月11日,5,好玩
143,2017年5月11日,5,這遊戲太適合上班族，可以自動練功，無聊時，或等候時，都可以拿出來玩，開車時，有警察時要收也很方便，不用怕手沒按，人物會死掉，花點小錢，就可以玩的更快樂，就是好玩
144,2017年5月11日,5,好玩不浪費時間
145,2017年5月11日,5,容易入手
146,2017年5月11日,5,好玩
147,2017年5月11日,5,還不錯的遊戲喲……讚
148,2017年5月11日,5,很好玩喔喔喔
149,2017年5月11日,5,超好玩的 鑽石送很多
150,2017年5月11日,4,無法登錄
151,2017年5月11日,5,不錯玩的遊戲
152,2017年5月11日,5,為什麼我用同一個fb帳戶登陸不同手機結果腳色不見?
153,2017年5月11日,5,好玩
154,2017年5月11日,5,遊戲常常更新 例如天書系統 日常副本等等 讓我們玩家有不同的遊戲體驗 然後fb的粉絲團 小編回覆訊息快速 疑難雜症都可以很立即的幫你處理好 更別說一些小維修都會發放鑽石 讓我們玩家可以花用 並且非常適合上班族遊玩 不必佔用太多時間 另外 遊戲的熱心玩家 耐心的指導 讓我們可以更瞭解這個遊戲 五顆星大推！
155,2017年5月11日,5,要送我果石別忘了
156,2017年5月10日,4,買拍賣物品一定要贊助  可以可以改一下嗎？ 可以的話 公會也改一下 會長上線已10天前 看是要幾天過自動讓給副會 英雄有些裝都看不到 看可以把他們移過去或是點出來
157,2017年5月10日,5,希望金幣可以做的事情多一點 不然金幣一直滿出來 還要擔心被搶 失去不少樂趣
158,2017年5月10日,4,不錯玩唷
159,2017年5月10日,5,不用課金也能玩到很強 送東西也很大方 非常值得玩的遊戲~
160,2017年5月10日,5,輕鬆
161,2017年5月10日,5,不錯玩，不需要一直盯著
162,2017年5月10日,3,沒有
163,2017年5月10日,5,不錯的打發遊戲時間 可以讓上班族偶爾玩玩手遊交朋友
164,2017年5月8日,1,小編都不回覆的嗎…有反應一些問題，得不到回應
165,2017年5月8日,5,簡單 好玩 又多禮!!
166,2017年5月8日,5,服務很好。
167,2017年5月7日,5,好玩
168,2017年5月7日,5,我覺得這個遊戲不錯玩。但是還沒上手
169,2017年5月7日,5,好遊戲唷 小編回覆超快速 好團隊
170,2017年5月7日,5,不錯玩......
171,2017年5月7日,1,真的很閒辦一堆廢帳衝遊戲評論
172,2017年5月7日,5,不錯..適合上班族..很好打發時間的遊戲
173,2017年5月7日,5,好遊戲，送鑽不手軟 ^_^
174,2017年5月7日,3,時裝系統很花鑽石也沒啥用！建議修改一下！
175,2017年5月7日,5,還不錯玩，只是覺得副本太少
176,2017年5月7日,3,很頓不順似乎開太多了
177,2017年5月7日,1,芯痕     非常好玩的遊戲 是一款上班族非常適合的遊戲 獎勵也都很好 小篇人也很好有很多活動
178,2017年5月7日,5,這是一款不錯玩的遊戲，不用花錢就可升級，是打發時間的遊戲
179,2017年5月7日,5,很適合上班族的遊戲
180,2017年5月7日,5,非常好玩的遊戲，輕鬆愉快
181,2017年5月7日,5,非常好玩
182,2017年5月6日,5,超好玩的遊戲
183,2017年5月6日,5,好玩
184,2017年5月6日,5,好好玩
185,2017年5月6日,4,個人滿懶的 覺得還不錯遊戲
186,2017年5月6日,5,Good
187,2017年5月6日,5,還不錯玩
188,2017年5月6日,5,有夠讚，好玩又可以慢慢變強
189,2017年5月6日,5,還不錯
190,2017年5月6日,5,好玩
191,2017年5月6日,5,這款遊戲可拿來殺時間
192,2017年5月6日,5,不錯玩～輕鬆玩～
193,2017年5月6日,5,24H掛機，上班也可以玩
194,2017年5月6日,5,沒想到這麼好玩 我已經把電腦給丟了 女朋友也分了  s100  id無敵大麥克
195,2017年5月6日,3,還不錯!簡單方便
196,2017年5月6日,5,簡單 直接 輕鬆 有無課金都可以爽爽玩 不用一直盯著螢幕 比較不傷眼睛
197,2017年5月6日,5,好玩殺時間，離線還可自動戰鬥
198,2017年5月6日,5,這遊戲對玩家很方便 自動練功 材料都不會回收 物品分解後 還可以回復所有的素材  很棒哦！
199,2017年5月6日,5,好玩輕鬆無負擔
200,2017年5月6日,5,24小時自動掛機真方便，剩下的就是靠運氣和儲值比戰力了。真好
201,2017年5月6日,5,真是爽
202,2017年5月6日,5,自動練功 的功能還不錯至少可以不用一直整天盯著螢幕看對我們這些上班族會在玩這個遊戲打發時間
203,2017年5月6日,5,簡單易玩
204,2017年5月6日,5,這個遊戲不錯 開發人員很用心 每天都會有贈送寶石跟金幣 對於新手玩家有很大的幫助 有自動練功系統 裝備 寶物自動掉落 研發團隊辛苦囉！
205,2017年5月6日,5,簡單上手
206,2017年5月6日,5,好遊戲 公頻不會一直出現垃圾廣告訊息
207,2017年5月6日,5,好玩
208,2017年5月6日,5,好玩
209,2017年5月6日,5,超讚！讓自己輕鬆一下。
210,2017年5月6日,5,好玩 無需浪費太多時間在手機
211,2017年5月6日,5,還不錯玩不用一直盯著手機看
212,2017年5月6日,5,笑笑
213,2017年5月6日,4,好玩
214,2017年5月6日,5,這個遊戲很好玩   謝謝小編
215,2017年5月6日,1,伺服器不穩定，還一直開新的，關閉聊天功能無效，吵死了
216,2017年5月6日,5,還不錯…不用每天像做功課一樣玩遊戲。鑽石希望能多送一點 入不敷出。
217,2017年5月6日,5,好玩輕鬆簡單
218,2017年5月6日,5,鑽石送的多，可以在加碼
219,2017年5月6日,5,不錯玩的遊戲!!!小編也很認真處理遊戲問題!!!
220,2017年5月6日,5,不再只是任務再任務  離線還能幫打經驗跟裝備 另類的手遊 絕對讓你清鬆玩 清鬆拿鑽 無盡戰記等你來挑戰
221,2017年5月6日,5,不錯喔  快來跟我ㄧ起撕殺
222,2017年5月6日,5,玩了兩天 越玩越有趣哦   也很方便  不用天天直盯著遊戲~
223,2017年5月6日,5,很不錯的一款遊戲可以輕鬆玩輕鬆升級
224,2017年5月6日,1,注意！遊戲內消費價錢標示不實
225,2017年5月6日,5,好玩又不用熬夜盯著打怪讚
226,2017年5月6日,5,好玩
227,2017年5月6日,5,不錯，不花錢也可以玩的盡興，只是戰鬥比較無聊其它真的沒話說
228,2017年5月6日,5,不錯玩。不會太耗時間
229,2017年5月6日,5,不錯玩的遊戲
230,2017年5月6日,5,太棒了
231,2017年5月6日,5,無聊玩看看
232,2017年5月6日,5,滿不錯的遊戲!不用一直盯著螢幕玩!送鑽石也不手軟!消除無聊時間剛剛好
233,2017年5月6日,5,很好玩的遊戲，上班族的首選，輕鬆玩無壓力XD...
234,2017年5月6日,5,很棒的遊戲，就算是上班族也能不怕上線時間比別人少。
235,2017年5月6日,5,不錯的遊戲，不用一直盯著手機 看，可以讓準媽咪們忙於家事，休息時間才點開來看 ^^
236,2017年5月6日,5,第一次會想給好評的手遊~讚喲
237,2017年5月6日,5,不錯玩。
238,2017年5月6日,5,活動設計很多元化，不論是一般玩家或是想快速成長的玩家，都能從中獲得樂趣，值得一玩
239,2017年5月6日,5,不用花太多時間 遊戲滿有趣的
240,2017年5月6日,1,最近當很兇，要倒了嗎
241,2017年5月6日,5,不錯
242,2017年5月6日,5,對上班而言不錯的選擇，不過伺服器遇到快晚上9點或晚上6點打boss，網路會延遲
243,2017年5月6日,5,超好玩唷！很棒的遊戲，超推
244,2017年5月6日,5,滿好玩的  讚
245,2017年5月6日,5,很適合上班族
246,2017年5月6日,5,好玩，不浪費時間，打裝備有挑戰性
247,2017年5月6日,5,上班族的最愛，不用時時盯著手機
248,2017年5月6日,5,好玩遊戲 會來玩喔
249,2017年5月6日,5,無盡戰記，棒！
250,2017年5月6日,5,自動練功很方便
251,2017年5月6日,5,好玩，人物或裝備升級容易。重點，不用上線照常打怪。讚!
252,2017年5月6日,5,好玩打發時間，又不需花太多金錢時間就能輕鬆玩的遊戲推推
253,2017年5月6日,5,不錯玩的遊戲，讚
254,2017年5月6日,5,不錯遊戲好玩。
255,2017年5月6日,5,好玩的遊戲
256,2017年5月6日,4,非常好玩
257,2017年5月5日,5,不錯玩，送鑽很大方
258,2017年5月5日,5,無盡戰記，是一個很棒的遊戲，讓人一玩就上癮 ，簡單又好玩 而且不用花太多錢 ，個人非常的喜歡也推薦大家一起來玩。
259,2017年5月5日,5,好玩~掛著就可以升級拿裝備，每天花少時間解任務就好~
260,2017年5月5日,4,好玩並且不會太花時間只需要有時間上來看一下即可
261,2017年5月5日,5,好玩且有各式活動幫助快速升級
262,2017年5月5日,5,讚 不用盯著 技能組合多變化
263,2017年5月5日,5,輕鬆玩
264,2017年5月5日,4,簡單容易上手
265,2017年5月5日,5,很人性化的遊戲 不像很多遊戲都需要無時無刻在線上 鑽石也可以透過很多管道取得 大家快來玩
266,2017年5月5日,5,非常不錯的ㄧ款手遊，不需要ㄧ直花太多的時間去盯螢幕，而且也敢ㄧ直送鑽不太需要去花錢儲值....
267,2017年5月5日,5,真的好玩哦！
268,2017年5月5日,5,喜歡這個模式 不用一直顧...
269,2017年5月5日,5,不錯阿 不用非常浩時間下去玩也可以達到遊戲的感覺
270,2017年5月5日,4,不錯的遊戲
271,2017年5月5日,5,輕鬆玩
272,2017年5月5日,5,不錯的遊戲～研究中～玩後再評論
273,2017年5月5日,5,有管理。可離線掛機。不錯玩
274,2017年5月5日,5,不用常常盯著看 累了還可以休息掛機
275,2017年5月5日,5,很棒的一個遊戲。
276,2017年5月5日,5,很好玩的遊戲簡單輕鬆小編人也好獎勵天天送
277,2017年5月5日,5,還不錯玩而且不用發時間很多時間
278,2017年5月5日,5,不錯
279,2017年5月5日,3,還好  還好
280,2017年5月5日,5,好玩
281,2017年5月5日,5,無盡戰記
282,2017年5月5日,5,感謝貴公司的遊戲，使得上班族輕鬆玩，鑽石也送很大，是一款值得長期經營的遊戲。
283,2017年5月5日,5,好玩
284,2017年5月5日,5,還不錯玩，雖然也是要客金才強，但不花錢也蠻有樂趣的，活動也很多^_^
285,2017年5月5日,5,不用花太多時間，自動掛機很ok
286,2017年5月5日,5,不錯呀工作都能安心玩
287,2017年5月5日,5,可打發時間的好遊戲喔
288,2017年5月5日,1,遊客登入忽然資料全部不見了怎麼辦，有儲值過誒
289,2017年5月5日,5,大家來試試看 對上班族群是一個很好的推薦 不用每天追活動打的很累，定時上去清包包即可
290,2017年5月5日,5,好玩
291,2017年5月5日,5,非常適合上班族玩 鑽石也很好得
292,2017年5月5日,5,簡單上手
293,2017年5月5日,5,不錯玩，不用花錢也不用太花時間，有空上去解一下活動任務就好。
294,2017年5月5日,5,超喜歡這遊戲的.自動練功很方便.我就可以忙我的事情.畫面也華麗.這款遊戲很像我以前玩的pcGame奇積.所以姐玩的不是遊戲.是回憶XD!
295,2017年5月5日,5,還不錯玩，可打發時間。
296,2017年5月5日,5,非常好玩的遊戲，可以輕鬆玩，客服也很盡心。支持你們，希望能讓遊戲繼續越來越好!
297,2017年5月5日,5,不錯的遊戲，值得推薦
298,2017年5月5日,5,非常好玩
299,2017年5月5日,5,滿容易上手的遊戲 ，福利也很多 ，這可以讓休閒玩家打發時間 。
300,2017年5月5日,5,通常手遊都不會在我手機停留超過一個禮拜，這是第一款手遊，繼續加油吧
301,2017年5月5日,5,無盡戰記
302,2017年5月5日,5,不錯的遊戲，送的蠻大方的，不用一直盯著遊戲，輕鬆
303,2017年5月5日,5,好玩
304,2017年5月5日,5,這是很好玩的一款遊戲，不用一直開著手機卦著，也能夠打怪，不用擔心上班偷玩被老闆抓到gg了！！
305,2017年5月5日,5,好玩
306,2017年5月5日,5,很好玩很有趣 可以不用一直盯螢幕
307,2017年5月5日,5,很好玩
308,2017年5月5日,5,適合時間較少的人玩
309,2017年5月5日,5,遊戲輕鬆簡單
310,2017年5月5日,5,覺得不錯一款遊戲簡單明瞭打法時間又不需要大量時間的一款遊戲
311,2017年5月5日,5,不錯玩，推
312,2017年5月5日,5,超好玩
313,2017年5月5日,1,一堆消費活動。
314,2017年5月5日,5,設定很不錯 而且不會很難弄裝備等級 辛苦了
315,2017年5月5日,5,太好了，可以拆散好多時間。
316,2017年5月5日,4,省時間打怪
317,2017年5月5日,1,很不好
318,2017年5月5日,5,自動練功不會浪費時間， 上班族的最愛
319,2017年5月5日,5,朋友介紹，不錯的遊戲。
320,2017年5月5日,5,這款遊戲【讚】完美。。
321,2017年5月5日,5,很好玩  鑽石花不玩唷
322,2017年5月5日,5,好玩又不用一直盯著玩。
323,2017年5月5日,5,不用擔心沒時間衝等的好遊戲
324,2017年5月5日,5,這遊戲適合忙碌的上班族，很好打發時間，耐玩，很不錯 ，眼睛終於不用太吃力了，也可專心工作，閒暇時在清包包就好，不錯不錯，簡單方便
325,2017年5月5日,5,很好玩   快來一起玩唷
326,2017年5月5日,5,介面很棒，剛完，容易上手。
327,2017年5月5日,5,難得玩不膩的
328,2017年5月5日,5,"上班族首選的好遊戲,沒時間玩也可以自動練等,給五星"
329,2017年5月5日,5,非常好玩。掛機系統十分好。適合上班人士。鑽石送很多。讓你不花錢也可成為高手。
330,2017年5月5日,5,不錯的遊戲，小編很照顧玩家 有問題，隨時都在線為你服務
331,2017年5月5日,5,"好玩遊戲,半夜上廁所還會想開手機起來融鍊裝備的好遊戲(￣∇￣),送鑽石也很大方，不用一直手控打怪,大家快來玩(^_-)"
332,2017年5月5日,5,打發時間一流
333,2017年5月5日,5,遊戲真的不錯 不用跟人家搶怪搶boss 只要上線破一些關卡任務就好了 省了很多麻煩 而且福利又很好 真心推薦這款遊戲
334,2017年5月5日,5,讚啦
335,2017年5月5日,5,非常好玩，離線還可以打怪升級，對上班族奕方便奕娛，波棒的
336,2017年5月5日,5,很好玩的遊戲，自動練功就是讚
337,2017年5月5日,5,好玩
338,2017年5月5日,5,不錯的遊戲，簡單好上手
339,2017年5月5日,5,送鑽大方，簡單好玩
340,2017年5月5日,5,很好的遊戲，可以自動打怪很方便
341,2017年5月5日,5,掛機模式上班就不怕了
342,2017年5月5日,5,不錯的遊戲 可以不用一直盯著手機
343,2017年5月5日,5,[無盡戰記]
344,2017年5月5日,4,各方戰力再不平衡玩的人將越來越少希望能夠盡快調整
345,2017年5月5日,1,不要灌評論
346,2017年5月4日,5,性別怎麼更改
347,2017年5月4日,5,還不錯可以試試看，客服很用心
348,2017年5月4日,5,前天剛玩，第26伺服，是還不錯不用ㄧ直盯著，客服跟官方服務都很不錯，ㄧ有問題鑽石送的都不手軟，玩到現在是我每天早上上班前畢玩的遊戲，改成五星給你們
349,2017年5月4日,4,感覺還不錯，不知道好玩嗎？陰陽師抽$%r機率太低了，讓遊戲變得很無感，讓抽不到好卡玩家輪為次次等公民，真無感
350,2017年5月4日,5,掛機時間能在長一點嗎？
351,2017年5月4日,5,讚喔喔喔喔喔喔喔喔喔喔喔喔
352,2017年5月4日,5,正在載   看評論   給五星
353,2017年5月4日,5,超棒的
354,2017年5月4日,5,好玩
355,2017年5月4日,5,加油
356,2017年5月4日,5,好玩最重要的是不用一直上線
357,2017年5月4日,5,好玩
358,2017年5月4日,5,很少看到這麼方便又不用一直盯的遊戲了 好玩推
359,2017年5月4日,5,這是一款很耐玩的遊戲可長時間的經營你的角色哦;-)
360,2017年5月4日,4,不錯的殺時間的遊戲&lt;`~`&gt;
361,2017年5月4日,5,不用盯整天。送鑽超大方
362,2017年5月4日,5,從來不玩手遊的說，安裝Line才發現這個遊戲，現在每天都要來一下!
363,2017年5月4日,5,不錯的遊戲
364,2017年5月4日,5,有趣的設計 有趣！
365,2017年5月4日,5,很用心的遊戲，請繼續加油。
366,2017年5月4日,5,很好的遊戲，不用整天盯著螢幕看，希望以後會有更多的活動
367,2017年5月4日,5,上班族的好遊戲。讚!
368,2017年5月4日,5,Good 非常好的遊戲 每天有不同的活動禮物可以增加遊戲興趣 希望節日時可以增加一些活動 謝謝
369,2017年5月4日,5,很耐玩的遊戲
370,2017年5月4日,5,很棒的遊戲
371,2017年5月4日,5,不錯的設計，讓許多的玩家都輕鬆玩
372,2017年5月4日,4,不錯玩
373,2017年5月4日,5,省下大量的練功時間、自動化程度高、獎勵給的大方、相當不錯的遊戲！
374,2017年5月4日,5,不用一直盯著手機。。好打發時間
375,2017年5月4日,4,處理事情效率佳
376,2017年5月4日,5,"享受遊戲又不用一直開著手機,電量也不會因此大量損耗,適合像我這種超級懶人型玩家,給推"
377,2017年5月4日,5,有史以來最多活動的掛機遊戲，使遊戲變得有趣多了~
378,2017年5月4日,5,輕鬆玩領經驗
379,2017年5月4日,5,好玩又不花時間
380,2017年5月4日,5,非常好玩的遊戲 不用一直掛在線上 讓一些比較忙碌的人也能玩 不會說跟不上進度
381,2017年5月4日,5,蠻好玩的，第一次線上遊戲玩這麼久的。
382,2017年5月4日,5,[無盡戰記]
383,2017年5月4日,5,超好玩
384,2017年5月4日,5,好玩 方便
385,2017年5月4日,5,還不錯
386,2017年5月4日,5,這是個不錯玩的遊戲，不用一直盯著螢幕看……是上班族的最愛！
387,2017年5月4日,5,好玩
388,2017年5月4日,5,不死佔時間的遊戲！好
389,2017年5月3日,5,非常棒的一款遊戲，不用一直盯著手機看打怪也能升等配裝背及任務小活動，另外送鑽石也不手軟，真的很適合上班族玩唷…大家快下載吧～
390,2017年5月3日,5,不錯玩遊戲
391,2017年5月3日,5,可離線掛機，福利超多，直屏遊戲，讚
392,2017年5月3日,5,很好玩   鑽石花不完!
393,2017年5月3日,5,不錯的遊戲，可以掛機，讓上班族可以悠閒玩，但如果可以增加一些互相幫忙的功能會更好！。EX.盟倉，交易
394,2017年5月3日,5,很適合打發時間的遊戲
395,2017年5月3日,4,放置型遊戲好玩！
396,2017年5月3日,1,你口中的退費並不符合google play的退款政策  寄信給你們也不回……說好的願意為我退費並回收帳戶呢？
397,2017年5月3日,5,很好的遊戲，不用一直顧
398,2017年5月3日,5,好好玩真的棒非常好的遊戲👍
399,2017年5月3日,5,不錯
400,2017年5月3日,5,自行掛載，不錯的遊戲
401,2017年5月3日,5,好玩!
402,2017年5月3日,5,覺得是一個不錯的遊戲，越玩越上手，不會只想掛機，而是一直看著遊戲，就算沒時間玩也會繼續掛著，一點也不麻煩，操作簡單容易上手，是款不錯的遊戲
403,2017年5月3日,5,簡單輕鬆玩
404,2017年5月3日,5,天天都有免費vip可以領 還有很多活動可以消費
405,2017年5月3日,5,不錯玩   單純   不複雜    很容易上手     s23 終身編號9527
406,2017年5月3日,5,很棒的遊戲
407,2017年5月3日,5,好玩
408,2017年5月3日,5,不錯呢！輕鬆愉快的玩遊戲。
409,2017年5月3日,4,好玩
410,2017年5月3日,5,不用一直開著遊戲，就能練功蠻省電省時的
411,2017年5月3日,5,Good
412,2017年5月3日,5,怎集字對換的活動又不見了。還沒對換說，謝謝您。過了好幾天了說
413,2017年5月3日,5,很適合上班族玩的遊戲
414,2017年5月3日,5,超好玩
415,2017年5月3日,5,好玩唷！小編處理速度會快…
416,2017年5月3日,5,換機後沒法用原本帳號登入了怎麼辦?
417,2017年5月3日,5,謝謝你們讓我有這麼一個可以簡單又不失有趣的遊戲可以遊玩，獎勵也送的相當大方，辛苦各位了😉😉
418,2017年5月3日,5,請給我1000鑽
419,2017年5月3日,5,無盡戰記一款離線掛機24小時.適合忙碌工作者玩.獎勵豐富 活動日日更新.讚
420,2017年5月3日,5,真的很好玩
421,2017年5月3日,5,好玩
422,2017年5月3日,5,簡單的風格，很好殺時間的好遊戲，請繼續加油哦
423,2017年5月3日,5,不用太花時間的好玩遊戲
424,2017年5月3日,5,非常好玩
425,2017年5月3日,5,好玩哦
426,2017年5月3日,5,打發時間的好遊戲，課不課金在個人
427,2017年5月3日,5,不用練功，很適合上班族玩，讚
428,2017年5月3日,5,讚!
429,2017年5月3日,5,不錯的遊戲 不用一直盯著看 不會浪費時間 無聊時上線把任務解一解 裝備加強跟盟友聊聊天 不錯
430,2017年5月3日,5,好玩
431,2017年5月3日,5,不錯玩，上班族也可以掛著
432,2017年5月3日,5,很適合上班休閒的遊戲
433,2017年5月3日,5,好玩唷 不用一直掛著手機 也會升級唷
434,2017年5月3日,5,上班族也可以玩
435,2017年5月3日,5,不用耗費時間的好玩遊戲
436,2017年5月3日,5,不用花很多時間，就可以掛機機升等，是一個好遊戲
437,2017年5月3日,5,加油
438,2017年5月3日,5,好玩！又可掛網！聊天交朋友
439,2017年5月3日,3,遊戲不錯，不用盯著打怪，送鑽石也不手軟，遇到詐騙客服很快就處理，可惜就是線路不穩，常常斷線
440,2017年5月3日,5,真的很不錯
441,2017年5月3日,5,第一次玩.無盡戰記手遊剛開始不懂.了解後得知是一款.24h離線掛機.活動多 每日不同獎勵大手筆.太好玩啦.連朋友跟著一塊玩.期待日後無盡戰記.後續發展.同樣持續支持😏
442,2017年5月3日,5,遊戲玩法好好👍，客服回應十分快 nice game
443,2017年5月3日,5,希望鑽石多送點
444,2017年5月3日,5,小編做事積極，待人親切，非常支持！
445,2017年5月3日,5,只有讚 超級好玩
446,2017年5月3日,4,非常好玩 也不用長時間顧著
447,2017年5月3日,5,不錯的遊戲，不客金也可以玩得很盡興。 讚！
448,2017年5月3日,5,好玩的遊戲..節省了上班族好多時間..
449,2017年5月3日,5,很好玩的遊戲，不用一直盯著手機也能輕鬆升級
450,2017年5月3日,5,值得下載玩的遊戲，好玩不太浪費時間，僅需花些時間上限整理資源。
451,2017年5月3日,5,不錯玩   我會邀更多朋友來玩
452,2017年5月2日,5,還很多進步空間
453,2017年5月2日,5,方便省時的遊戲
454,2017年5月2日,5,遊戲不錯玩，打發時間
455,2017年5月2日,5,好幫
456,2017年5月2日,5,好玩
457,2017年5月2日,4,還不錯的遊戲，何時想玩就開啟，不用一直盯著螢幕
458,2017年5月2日,5,好玩的遊戲
459,2017年5月2日,4,交流交心、管教是人是魔、把呢變好!
460,2017年5月2日,5,很棒 上班也能練功 不用常常盯著看
461,2017年5月2日,5,好玩
462,2017年5月2日,5,遊戲不錯！不必花費太多時間打怪，等級穩穩升，裝備快快換，危機也處理的很快，鑽石很敢給！很自由的一款遊戲！！
463,2017年5月2日,5,"我有開兩個伺服器，也有充值，vip5,vip1,與fb綁在一起，結果登出後，都不見了！  經由小編的幫忙已經得到新帳號，謝謝"
464,2017年5月2日,5,Nice game.
465,2017年5月2日,5,很棒的遊戲
466,2017年5月2日,5,感覺越玩越好玩  快要無法自拔了  每次都玩到手機沒電賜鬆手
467,2017年5月2日,5,不錯遊戲 免花錢送寶石到滿
468,2017年5月2日,4,好玩 不用一直開著也能練功 偶爾登入打活動清理包包就好 很方便
469,2017年5月2日,1,嗯，花錢才猛…到越後面玩的人越少
470,2017年5月2日,5,沒有壓力又慷慨的遊戲，好玩~
471,2017年5月2日,5,"這款遊戲還不錯玩,不用上線就能練功了,請大家一起來戰鬥吧。"
472,2017年5月2日,5,不用長時間線上盯著手機也能享受升等的快感，也沒有手機發燙的困擾，真是很讚的一款手遊！！
473,2017年5月2日,4,好玩，適合我的遊戲
474,2017年5月2日,5,很好玩
475,2017年5月2日,5,很適合我，想玩就拿出來玩，沒空就放著…
476,2017年5月2日,5,讚，好玩
477,2017年5月2日,5,很棒的遊戲
478,2017年5月2日,5,該死的無盡  害我整天都等著獎勵和任務  雖然無盡可以離線掛機 但是我還是忍不住一直開著螢幕看(*´&gt;д&lt;)
479,2017年5月2日,5,不錯玩  不用死盯著手機  可以專心上班
480,2017年5月2日,4,還不錯玩，剛玩幾天，還在摸索
481,2017年5月2日,5,好玩又方便愉快
482,2017年5月2日,5,輕鬆玩遊戲
483,2017年5月2日,5,還不錯玩哦 可以來試試看
484,2017年5月2日,3,還算不錯的遊戲，天天升級
485,2017年5月2日,5,內掛程式非常不錯!!
486,2017年5月2日,5,自動掛機給個讚
487,2017年5月2日,5,還在摸索，適合上班族玩。
488,2017年5月2日,5,不錯玩
489,2017年5月2日,3,真正玩的項目太少了
490,2017年5月2日,5,是個有用心的遊戲，上班族剛好玩起來沒負擔，，加油吧～
491,2017年5月2日,5,好玩@@
492,2017年5月2日,5,很好玩
493,2017年5月2日,5,不錯
494,2017年5月2日,5,好玩哦
495,2017年5月2日,5,很好玩
496,2017年5月2日,5,除了好玩，還是好玩!
497,2017年5月2日,5,不錯的遊戲，不用掛網就可以自動打，是打發時間好遊戲
498,2017年5月2日,5,還不錯 玩
499,2017年5月2日,5,這遊戲好玩不講，詢問小編的問題知無不答，也不會以一般客服那種令人生氣的回覆方式
500,2017年5月2日,5,很好玩的遊戲，沒有體力的限制，不用一直盯著螢幕看，沒上線也能練功，一起來玩吧
501,2017年5月2日,5,好玩
502,2017年5月2日,5,太棒了
503,2017年5月2日,5,不錯的遊戲，上班忙碌依然可以玩
504,2017年5月2日,5,不錯的遊戲 送很大
505,2017年5月2日,4,還不錯玩
506,2017年5月2日,5,還不錯玩
507,2017年5月2日,5,感謝小編很快就幫我解決問題了 可惜沒有六顆星可以給。。😄
508,2017年5月2日,5,可以不用長時間盯著螢幕
509,2017年5月2日,5,遊戲很好玩，而且遊戲本身可以自動練功，我是第一次玩到離線之後還能自動練功的遊戲
510,2017年5月2日,5,省時間的遊戲~
511,2017年5月2日,3,雖然不錯玩可是，一直開新服賺錢根本留不住人，就變成單機版了😨
512,2017年5月2日,5,這款遊戲好玩又不會浪費上班族時間，鑽石送的也很豪氣離線還是會自動練功下班玩也不無聊，好遊戲要推……推推！
513,2017年5月2日,5,不用一直盯著畫面，對上班族是一種輕鬆玩的概念
514,2017年5月2日,5,懶人玩的遊戲，很適合我
515,2017年5月2日,4,不錯玩 不用一直登入遊戲
516,2017年5月2日,5,好玩，又容易上手遊戲
517,2017年5月2日,5,第一次玩手遊   非常適合沒有常常上線的玩家 整體遊戲流暢     適合我這個遊戲白痴  一句話    讚的啦～ S102豪情萬仗  林保力達
518,2017年5月2日,5,可以輕鬆玩，不錯玩的遊戲
519,2017年5月2日,5,很棒的遊戲。大家加油
520,2017年5月2日,5,不用花錢買鑽，還很好玩，沒有體力的問題
521,2017年5月2日,5,很不錯的遊戲，可以離線練功，實在太讚了。
522,2017年5月2日,5,好玩又消磨時間的遊戲
523,2017年5月2日,5,蠻不錯打發時間遊戲
524,2017年5月2日,5,不錯的遊戲
525,2017年5月2日,1,我非常熱愛這遊戲
526,2017年5月1日,5,請問要如何刪除角色 ，不小心選錯伺服器創了個角色 要如何刪除。
527,2017年5月1日,5,非常不耗時間很棒
528,2017年5月1日,4,遊戲好玩而且不用犧牲睡眠，也不會影響工作，可以持續玩下去
529,2017年5月1日,5,為什麼，明明橙色裝備已經124多件了，結果幸運星只顯示28件
530,2017年5月1日,5,不錯玩
531,2017年5月1日,1,畫面太差
532,2017年5月1日,5,輕鬆練功推推推
533,2017年5月1日,5,不錯的遊戲不用整天盯著打怪
534,2017年5月1日,5,非常不錯玩 敢發敢送！！
535,2017年5月1日,5,掛機遊戲 沒有時間也能玩 相當不錯
536,2017年5月1日,5,在聊天室有玩家在喊賣洗版，有其他玩家去反應，GM大大立刻去處理，真的很有效率，除了讓大家有一個非常好玩的遊戲跟聊天平台，還有一個很用心的無盡團隊。
537,2017年5月1日,5,很棒的遊戲
538,2017年5月1日,5,不錯玩
539,2017年5月1日,1,我哪用什麼外掛了？買你們的VIP後就這樣了，有必要玩個小遊戲掛什麼掛嗎？！這遊戲別玩了！真的出問題 才是嘔！花錢又受氣！遇到真正問題 說是系統，怪玩家操作異常！說是異常玩家！ 全部的朋友們 這遊戲別玩了！更好玩的遊戲不止這個，只會要玩家好評語！就送你糖吃！真正受氣時你就知道了！ 只會騙評語有個屁用啊！一顆星都很不想給！【好笑了！無法處理的事竟然說是玩家使用非法外掛！以後玩家誰要是遇到他們無法處理的事就說玩家使用非常程式外掛！】
540,2017年5月1日,5,"24H自動掛機,再也不用熬夜打怪了♡重點是……超好玩♡"
541,2017年5月1日,5,好玩
542,2017年5月1日,5,很好玩不用整天盯著手機
543,2017年5月1日,5,不錯玩 玩的很輕鬆 不用一子故在手機前
544,2017年5月1日,5,不錯玩  也不耗時間
545,2017年5月1日,5,鑽石很敢給，也不用一直盯著遊戲可以輕鬆玩，還不錯的遊戲。
546,2017年5月1日,5,第一次玩掛機遊戲  不用一直叮著手機看 真的很棒 打發時間好選擇
547,2017年5月1日,5,非常適合上班族玩，可以一直練功
548,2017年5月1日,4,不錯啊…
549,2017年5月1日,5,好上手 但就是什麼都要儲值 哈哈
550,2017年5月1日,5,好棒好玩樂趣
551,2017年5月1日,5,好玩  歡迎大家來玩
552,2017年5月1日,5,很適合上班族的一款遊戲，讚  伺服器102  小小夜
553,2017年5月1日,5,還不錯喲(=^･^=)
554,2017年5月1日,5,very nice
555,2017年5月1日,5,感覺比其他遊戲好，能真正讓無法常時間上線的玩家不怕輸太多戰力，值得推薦的好遊戲
556,2017年5月1日,5,遊戲好玩  可掛網練等  輕鬆玩 無壓力  而且24H都有管理者在線上服務
557,2017年5月1日,5,一個不錯的遊戲
558,2017年5月1日,5,Very good
559,2017年5月1日,5,不用一直盯遊戲一樣會升級版怪，也不無聊，耐玩喔！
560,2017年5月1日,5,很好玩 請問能切換帳號嗎
561,2017年5月1日,5,不用整天盯螢幕.送鑽石不手軟
562,2017年5月1日,5,輕鬆上手
563,2017年5月1日,5,好玩 快來
564,2017年5月1日,5,非常好玩，人不用在可以自動掛網練功，對上班族幫助很大
565,2017年5月1日,5,好玩
566,2017年5月1日,5,幾好玩
567,2017年5月1日,5,登入快速，24小時無限掛機很棒的設計
568,2017年5月1日,5,方便又好玩
569,2017年5月1日,5,不錯玩。
570,2017年5月1日,5,不錯玩但是鑽石好少
571,2017年5月1日,5,好玩又不用天天在線悠閒  長時間在線悠閒
572,2017年5月1日,5,讚到一個不行
573,2017年5月1日,5,很不錯的遊戲
574,2017年5月1日,5,"不錯的遊戲,輕鬆玩!!"
575,2017年5月1日,5,非常好玩的遊戲  喜歡這種不用手動。
576,2017年5月1日,5,很不錯的遊戲！不用花太多精力
577,2017年5月1日,5,棒棒
578,2017年5月1日,5,蠻消遣時間噠~
579,2017年5月1日,5,不錯玩的一款遊戲，不管是睡覺，還是上班，都還有在練功，畫面裡也不會有一堆玩家擠在一起，遊戲也很順暢
580,2017年5月1日,5,非常好玩的遊戲~~
581,2017年5月1日,5,非常好玩能夠打發時間又不需要常常顧著
582,2017年5月1日,5,很好玩的遊戲^_^
583,2017年5月1日,1,要玩遊戲的各位請注意了！玩家不是給亂栽贓的！【笑死人了！老娘花錢玩遊戲不用搞什麼作弊不作弊的，也不曾用過什麼程式來外掛，買了你們的VIP後才出這種問題！自己系統有毛病修不來，竟怪玩家作弊，這種小遊戲有需要作啥弊嗎?！真是爛遊戲！】為了要玩家多些好評也要做的好 才是真實的好評，送鑽得到的好評也不見得是真的好評，執行任務不是一直無法點入就是裝置的技能有時無法啟作用，狀況百出！送鑽給玩家玩還不是要玩家在儲值，狀況一直出現，誰會玩的下去！系統出問題竟說是玩家非法操作，異常玩家！我不管玩手遊還是線上遊戲，從不曾用其他有的沒的程式加著玩，很單純的正常玩，購買VIP送的材料沒一直使用完，留著足夠多時才一次使用，竟被說是異常玩家！花錢買氣受！好玩的遊戲也很多！別相信這種給糖出就會有好評語的遊戲！(我不怕你們查啊!玩遊戲還要用什麼外掛，乾脆就別玩了，購買VIP送的材料沒一次使用完 留在後面足夠時在一次用，就被你們說是非法玩家，購買VIP時給我出狀況自己程式無法處理好，怪玩家異常操作！我還要告你們烏陷勒！玩家是花錢買氣受嗎?單純的玩個小遊戲遇到這種爛公司，還要受這種鳥氣，搞什麼外掛非法程式那些我都不懂！打發時間的小遊戲花錢受最！何種道理？)
584,2017年5月1日,5,不錯玩
585,2017年5月1日,5,好玩
586,2017年5月1日,5,不用花太多心思在上面 的掛機遊戲
587,2017年5月1日,1,活動就這樣不斷輪迴，瘋狂開服吃錢
588,2017年5月1日,5,適合小玩的遊戲，裝備好收集。 也不太花臺幣。 自動掛網打怪輕鬆升級不用每天固手機
589,2017年5月1日,5,還不錯玩耶！快點來喔…
590,2017年5月1日,5,一一
591,2017年5月1日,5,非常好玩
592,2017年5月1日,2,我記得之前可以用google登入現在不能了嗎？
593,2017年5月1日,5,簡單易學，剛玩還要再研究一下。
594,2017年5月1日,5,很好玩
595,2017年5月1日,1,無法吸引眼球的遊戲，沒意思
596,2017年5月1日,5,好玩
597,2017年5月1日,5,好玩，不用盯螢幕，只要偶爾整理一下動西即可，客服隨時都可以幫忙處理事情
598,2017年5月1日,5,好玩的遊戲
599,2017年5月1日,5,簡單好上手
600,2017年5月1日,5,不錯玩
601,2017年5月1日,5,非常好玩的遊戲
602,2017年5月1日,5,很不錯的遊戲，不用浪費很多時間
603,2017年5月1日,1,十次有七八次連線失敗，你們要不要加強一點再來出遊戲?
604,2017年5月1日,5,黏著一直玩 停不下來
605,2017年4月30日,5,還在摸索中。
606,2017年4月30日,5,畫質好
607,2017年4月30日,5,不錯玩輕鬆
608,2017年4月30日,5,超好玩
609,2017年4月30日,1,請問為什麼我75及變49及，翅膀也不見了，可以處理一下嗎？
610,2017年4月30日,5,不錯的遊戲，還有離線掛機，真棒
611,2017年4月30日,3,有沒有新人教學？
612,2017年4月30日,5,剛開始玩
613,2017年4月30日,5,我非常喜歡這種舒壓的遊戲，打怪練功都不用一直盯著手機螢幕看，連離線也會自動練功，我就是要找這種遊戲，好玩無誤!!!
614,2017年4月30日,5,好玩喔
615,2017年4月30日,5,這個遊戲好玩
616,2017年4月30日,5,輕鬆，好玩
617,2017年4月30日,5,不需花太多時間解任務，離線也在打怪升等，非常好的一個遊戲。
618,2017年4月30日,5,好玩 又打發時間
619,2017年4月30日,5,有自動練功就是不錯！ 而且活動又多 獎勵又大方
620,2017年4月30日,1,官方垃圾
621,2017年4月30日,5,送鑽送的飛起 讓你玩的高高興興 又能24掛機上班族也玩的很可樂
622,2017年4月30日,5,"玩過最近許多RPG遊戲,但每款性質都很相像,根本無樂趣可言，無盡戰記雖然是掛機遊戲無法跟玩家互動,但是24H離線掛機對上班族或是只有短時間能玩的人來說  超方便的！ 一上線就是充沛的資源,讓我們可以任由發展,但是又不會類似私服遊戲 有滿滿的資源而破壞了遊戲的趣味！ 這是目前玩過最好玩的遊戲了,希望努力下去！！ ps.  S86上古魔道伺服器，""神聖殿堂"" 收長上玩家~  另外以下有幾點建議, 1.希望聊天系統的個人聊天.戰盟聊天.世界聊天 可以增加小紅點以提示有訊息，不然很多時候都會忽略 2.主角.英雄 技能升級處 希望能增加個再次確認窗,不然很多時候都會誤點到！"
623,2017年4月30日,5,儲值了 查詢Googleplay帳戶明細也有這筆消費紀錄   結果什麼都沒有   我買鑽石鑽石也沒有出來  還跟我顯示付款成功  什麼都沒拿到
624,2017年4月30日,4,不錯玩～自動練功～鑽石每天送
625,2017年4月30日,5,不錯玩喔！
626,2017年4月30日,5,可以掛機，適合沒有太多時間的上班族
627,2017年4月30日,5,不錯玩
628,2017年4月30日,5,非常好玩的遊戲，掛網也可打寶..又簡單。
629,2017年4月30日,5,非常好玩 又殺時間 送鑽又大方
630,2017年4月30日,5,邀請碼30314fbe5 輸入送點數
631,2017年4月30日,1,安裝後無法更新
632,2017年4月30日,5,棒棒
633,2017年4月30日,5,不需長時間盯手機 可輕鬆玩
634,2017年4月30日,5,送鑽石真的不手軟 又可以自動掛機 不錯的遊戲
635,2017年4月30日,5,不知道怎。麼拿額外的禮物
636,2017年4月30日,5,"本來以為很悶, 但是覺得越玩越好玩, 支持小编 繼續努力"
637,2017年4月30日,5,好玩
638,2017年4月30日,5,遊戲超級佛心啊！
639,2017年4月30日,5,好遊戲！ 可以自動練等
640,2017年4月30日,5,不錯玩，易上手
641,2017年4月30日,5,很多任務與關卡可以玩又不會花太多時間
642,2017年4月30日,5,簡單容易上手！又不用一直顧角色.上班族的福利
643,2017年4月30日,5,簡單操作，上班族可玩的遊戲。下線還可自動練功。
644,2017年4月30日,5,不錯的遊戲。
645,2017年4月30日,5,我是覺得不錯玩啦
646,2017年4月30日,5,好玩
647,2017年4月30日,5,好玩
648,2017年4月30日,5,好玩
649,2017年4月30日,5,很不錯的体閒遊戲，不用長期拿著手機。
650,2017年4月30日,5,好遊戲，推
651,2017年4月30日,5,真是個好遊戲，不用時時刻刻盯著手機，就能升等打寶的好遊戲！
652,2017年4月30日,5,好玩哦
653,2017年4月30日,5,遊戲不錯玩加油
654,2017年4月30日,5,很方便很好玩
655,2017年4月30日,5,喝勝
656,2017年4月30日,5,超讚的 還可以在背景後自動掛機 讓人不玩都困難
657,2017年4月30日,5,簡單又輕鬆的遊戲
658,2017年4月30日,5,非常好玩  又沒壓力!
659,2017年4月30日,5,省時
660,2017年4月30日,5,超讚
661,2017年4月30日,5,超好玩的，停不下來，繼續花
662,2017年4月30日,5,這是非常好玩的遊戲哦加油
663,2017年4月30日,5,遊戲設計很棒，可以不用一直掛在遊戲畫面，很省時間和電力，不用花大錢也可以玩的很盡興
664,2017年4月30日,5,好玩。時間又不會花很多。
665,2017年4月30日,4,還不錯的遊戲 ，可以玩看看
666,2017年4月30日,5,滿好玩的！適合各年齡層
667,2017年4月30日,5,好玩
668,2017年4月30日,5,不錯的遊戲，玩遊戲不是被遊戲玩。
669,2017年4月30日,5,好玩的掛機遊戲
670,2017年4月30日,5,輕鬆的遊戲 想玩就玩！
671,2017年4月30日,5,好玩 上班也可以練功 鑽石送大方
672,2017年4月30日,5,輕鬆玩，離線也可以升等，送鑽石很大方，玩不膩，一玩就上癮
673,2017年4月30日,5,無聊打發時間不錯
674,2017年4月30日,5,好上手 耐玩
675,2017年4月30日,5,還不錯玩的遊戲，不用一直盯住螢幕，下線也會自動練，讚
676,2017年4月30日,5,不用一直上線玩的好遊戲
677,2017年4月30日,5,覺得這個遊戲還蠻不錯，不用刻意去守著也可以自動練等。
678,2017年4月30日,5,希望多一些分享ㄉ活動。這遊戲很適合上班族群在玩。簡單易懂但希望活動可以多一些
679,2017年4月30日,5,很好玩又很殺時間
680,2017年4月30日,5,好玩的遊戲
681,2017年4月30日,5,加油。
682,2017年4月30日,5,很好玩 送很多東西
683,2017年4月30日,5,好玩
684,2017年4月30日,5,輕鬆的遊戲 適合沒辦法一直看手機的人遊玩唷
685,2017年4月30日,5,可掛機，輕鬆玩
686,2017年4月30日,5,不錯玩
687,2017年4月30日,5,造福宅男好手游
688,2017年4月30日,5,上班也可以練等太棒啦
689,2017年4月30日,5,不用花很多時間就能玩的遊戲😄
690,2017年4月30日,5,不錯的遊戲只要偶爾上線整理認務及背包且不用花太多台幣  讚
691,2017年4月30日,5,很好
692,2017年4月30日,5,對於上班族來說是款不錯的遊戲，值得玩～
693,2017年4月30日,5,真是好遊戲省時省事
694,2017年4月30日,5,不錯遊戲 不用整天盯著打怪升級配裝等 只須偶爾上線整理過小任務及活動即可 也不太須要花台幣 適合上班族群玩
695,2017年4月30日,5,好玩
696,2017年4月30日,5,很好玩
697,2017年4月30日,5,介面簡單清楚容易上手，且不用話太多時間。
698,2017年4月30日,5,好玩
699,2017年4月30日,5,好遊戲
700,2017年4月30日,5,適合上班族玩，給5星
701,2017年4月30日,5,打發時間的好遊戲，送鑽不手軟
702,2017年4月30日,5,還不錯
703,2017年4月30日,5,還不錯玩 不用太浪費時間玩
704,2017年4月30日,4,還ok
705,2017年4月30日,5,這遊戲讓我覺得還不錯玩 離線掛機才是王道。
706,2017年4月30日,5,好玩
707,2017年4月30日,5,"不錯的遊戲,不用一直掛機。"
708,2017年4月30日,5,非常好玩的遊戲，練功也不需要整天盯著手機，內容也很豐富^^
709,2017年4月30日,5,還行
710,2017年4月30日,5,不錯玩可以打發時間很像以前玩的奇蹟
711,2017年4月30日,5,蠻好上手的
712,2017年4月30日,5,這是一款輕鬆無負擔而且送鑽不手軟的好遊戲，對平常沒有辦法長時間玩手遊的人來說，這是一款很推薦的遊戲，下線自動掛機，上線點一點東西即可，也不用怕等級追不上，花點小錢玩玩就很有樂趣了，重點是客服小編回應效率超好，歡迎大家閒閒沒事來玩玩吧
713,2017年4月30日,5,非常好的遊戲，請繼續加油
714,2017年4月30日,5,不用長上線還不錯能掛機升級
715,2017年4月30日,5,好玩，隨時都可以玩，手機不會熱
716,2017年4月30日,5,好玩@@
717,2017年4月30日,5,一款無需開著掛機也能升級打裝備，送的綁鑽也非常多，無儲值也可以玩的很開心的遊戲
718,2017年4月30日,4,不錯的遊戲不用一直盯著手機
719,2017年4月30日,5,不錯玩
720,2017年4月30日,5,送鑽不手軟，掛機很方便，小編人好好，還不快加入
721,2017年4月30日,5,好玩
722,2017年4月30日,5,很棒的掛機遊戲，只是剛玩，不熟，但感覺打王不會要和人搶。不錯。
723,2017年4月30日,5,輕鬆好玩
724,2017年4月29日,5,懶人手遊不錯的選擇
725,2017年4月29日,5,好玩的遊戲哦
726,2017年4月29日,5,好讚！
727,2017年4月29日,5,好玩讚
728,2017年4月29日,5,掛機手遊好玩
729,2017年4月29日,5,這款游戲真的很好玩，有fb小編熱心的幫忙解答，也有line群，裡面的老玩家都很認真的在解說游戲上的問題，希望大家一起來玩
730,2017年4月29日,5,小編用心良苦，，不錯的遊戲。
731,2017年4月29日,5,好玩
732,2017年4月29日,5,不錯玩
733,2017年4月29日,5,不錯的遊戲，客服回覆也快速。
734,2017年4月29日,5,掛著就玩 不錯能
735,2017年4月29日,5,不錯玩，不費時，不掛機
736,2017年4月29日,5,不用擔心沒時間練等
737,2017年4月29日,5,好玩 送禮不手軟 不用一直盯著手機  放著也可以打裝備
738,2017年4月29日,5,不錯玩的遊戲 離線還可以練功!
739,2017年4月29日,5,我又再次掉入無限的掛機坑ww有一大段時間又不會無聊了XD
740,2017年4月29日,5,上班族，優質首選。
741,2017年4月29日,5,還蠻好玩的遊戲~ 值得嘉許！！ 推薦~
742,2017年4月29日,5,輕鬆無負擔，不錯的遊戲
743,2017年4月29日,5,不錯的遊戲 鑽石送很多喔~
744,2017年4月29日,5,還不錯玩 滿優秀的遊戲
745,2017年4月29日,5,簡單易上手
746,2017年4月29日,4,還不錯
747,2017年4月29日,5,好玩!對上班族來說是不錯的遊戲
748,2017年4月29日,5,越玩越好玩，簡單又輕鬆，鑽石給的超大方！好遊戲
749,2017年4月29日,5,不錯
750,2017年4月29日,5,滿好玩的可以耗時間不錯
751,2017年4月29日,5,不錯 鑽石送的大方
752,2017年4月29日,1,沒創意。只是把之前的大天使掛機。改個名字。開服沒多久。然後關服。沒兩個月有改名出來。
753,2017年4月29日,5,最近怎會玩到一半就會跳出畫面而且次數平凡
754,2017年4月29日,5,輕鬆玩～～～不需要長時間盯著手機！能有更多時間陪小孩！
755,2017年4月29日,5,還不錯
756,2017年4月29日,5,適合上班族的一款好遊戲
757,2017年4月29日,5,可以掛機不用特別練功，而且畫面很像天堂，有懷念的感覺。
758,2017年4月29日,5,好棒棒
759,2017年4月29日,1,伺服器一直開 想要促進消費是沒錯 但導致伺服器常常不穩定玩起來很痛苦 就算遊戲再好再吸引人再耐玩 伺服器不穩定是要玩家怎麼玩下去
760,2017年4月29日,1,登入方式只有FB&遊客身份，為什麼不能自創帳號？？
761,2017年4月29日,5,清鬆玩無壓力的好游戲
762,2017年4月29日,5,可以輕鬆玩，不用一直看螢幕，很不錯遊戲
763,2017年4月29日,5,很適合上班族玩的遊戲，小編處理事情也很用心
764,2017年4月29日,5,不用花太多時間就可享受樂趣的遊戲，且官方很大方，補償都很慷慨不小器。
765,2017年4月29日,5,蠻有趣的，而且輕鬆
766,2017年4月29日,4,好玩  但最常出線閃退  一直無故停止遊戲  希望盡快改善
767,2017年4月29日,5,不錯玩
768,2017年4月29日,5,新手剛玩  感覺遊戲還不錯滿好懂的
769,2017年4月29日,5,不用一直開著遊戲，適合上班族
770,2017年4月29日,5,遊戲好玩，但最近很常閃退...
771,2017年4月29日,5,方便簡單的遊戲
772,2017年4月29日,5,超級無敵好玩
773,2017年4月29日,5,起床按一按  中午休息按一按  下班再按一按  完全不用擔心升級問題  只是每次下班晚  18點的戰爭都打不到  如果延到20點  應該可以讓更多人參與
774,2017年4月29日,5,不錯的遊戲有掛，偶爾看看沒負擔，還有人可以指導刷圖 上班族的最愛
775,2017年4月29日,5,非常不錯的遊戲^^
776,2017年4月29日,5,很棒的遊戲
777,2017年4月29日,5,好遊戲
778,2017年4月29日,5,一百萬下載好像很好玩 哈哈😂
779,2017年4月29日,1,太好玩了，給六顆星
780,2017年4月29日,5,好唷!
781,2017年4月29日,5,很好的遊戲 可輕鬆玩 大推 讚
782,2017年4月29日,5,Good
783,2017年4月29日,5,好玩的隨身遊戲
784,2017年4月29日,5,這個遊戲真的好玩！玩的好爽，創造團隊真不錯！讚喔！
785,2017年4月29日,5,滿好玩的 自動打怪很輕鬆完 送東西也超多的!!BOSS不用跟別人搶，別的遊戲到時間沒打就被搶走 這款遊戲跟本不用怕王被搶 超棒的 好玩
786,2017年4月29日,5,好玩哦
787,2017年4月29日,5,不錯玩就是任務有點多
788,2017年4月29日,5,哈哈…好玩唷！
789,2017年4月29日,5,不錯的遊戲
790,2017年4月29日,5,不錯
791,2017年4月29日,5,非常好玩，很適合上班族的遊戲。
792,2017年4月29日,5,不錯玩
793,2017年4月29日,4,自動練工
794,2017年4月29日,5,好玩，適合上班組
795,2017年4月29日,5,這遊戲還不錯玩
796,2017年4月29日,5,很棒的遊戲！
797,2017年4月29日,5,好玩
798,2017年4月29日,5,還不錯的手遊，離線還能打怪，讚
799,2017年4月29日,4,好哦
